source_handle,title,reason
tacx-skyliner-front-wheel-stand-1,Tacx Skyliner Front Wheel Stand,Indoor Trainers — no such aisle on the MR.RIDER floor
tacx-antares-1,Tacx Antares,Indoor Trainers — no such aisle on the MR.RIDER floor
tacx-antares-support-1,Tacx Antares Support,Indoor Trainers — no such aisle on the MR.RIDER floor
tacx-galaxia-rollers-1,Tacx Galaxia Rollers,Indoor Trainers — no such aisle on the MR.RIDER floor
tacx-e-thru-trainer-axles-1,Tacx E-Thru Trainer Axles,Indoor Trainers — no such aisle on the MR.RIDER floor
tacx-drive-belt-for-rollers,Tacx Drive Belt for Rollers,Indoor Trainers — no such aisle on the MR.RIDER floor
tacx-direct-drive-quick-release,Tacx Direct Drive Quick Release,Indoor Trainers — no such aisle on the MR.RIDER floor
tacx-trainer-quick-release,Tacx Trainer Quick Release,Indoor Trainers — no such aisle on the MR.RIDER floor
tacx-flux-s-smart-trainer,Tacx FLUX S Smart Trainer,Indoor Trainers — no such aisle on the MR.RIDER floor
tacx-flow-smart-trainer-1,Tacx Flow Smart Trainer,Indoor Trainers — no such aisle on the MR.RIDER floor
tacx-neo-2t-smart-trainer,Tacx NEO 2T Smart Trainer,Indoor Trainers — no such aisle on the MR.RIDER floor
tacx-direct-drive-freehub-bodies,Tacx Direct Drive Freehub Bodies,Indoor Trainers — no such aisle on the MR.RIDER floor
tacx-flux-2-smart-trainer,Tacx FLUX 2 Smart Trainer,Indoor Trainers — no such aisle on the MR.RIDER floor
tacx-boost-trainer,Tacx Boost Trainer,Indoor Trainers — no such aisle on the MR.RIDER floor
tacx-neo-bike-plus-smart-trainer,Tacx NEO Bike Plus Smart Trainer,Indoor Trainers — no such aisle on the MR.RIDER floor
tacx-bracket-for-tablet,Tacx Bracket for Tablet,Indoor Trainers — no such aisle on the MR.RIDER floor
tacx-sweat-cover-for-smartphones,Tacx Sweat Cover For Smartphones,Indoor Trainers — no such aisle on the MR.RIDER floor
tacx-bike-support-stand-for-rollers,Tacx Bike Support Stand For Rollers,Indoor Trainers — no such aisle on the MR.RIDER floor
tacx-neo-motion-plates-2,Tacx NEO Motion Plates,Indoor Trainers — no such aisle on the MR.RIDER floor
tacx-neo-3m-smart-trainer-1,Tacx Neo 3M Smart Trainer,Indoor Trainers — no such aisle on the MR.RIDER floor
tacx-smart-network-adapter,Tacx Smart Network Adapter,Indoor Trainers — no such aisle on the MR.RIDER floor
tacx-alpine-gradient-silulator,Tacx Alpine Gradient Simulator,Indoor Trainers — no such aisle on the MR.RIDER floor
tacx-direct-drive-end-caps,Tacx Direct Drive End Caps,Indoor Trainers — no such aisle on the MR.RIDER floor
zwift-ride-wahoo-kickr-core-2-bundle,ZWIFT Ride + WAHOO KICKR CORE 2 Bundle,Indoor Trainers — no such aisle on the MR.RIDER floor
turbo-vado-3-evo-4-0,Turbo Vado 3 EVO 4.0,E-Bikes — no such aisle on the MR.RIDER floor
turbo-vado-4-0-step-through-2,Turbo Vado 4.0 Step-Through,E-Bikes — no such aisle on the MR.RIDER floor
turbo-como-4-3,Turbo Como 4.0,E-Bikes — no such aisle on the MR.RIDER floor
turbo-como-5-0-igh-2,Turbo Como 5.0 IGH,E-Bikes — no such aisle on the MR.RIDER floor
turbo-tero-4-0-eq,Turbo Tero 4.0 EQ,E-Bikes — no such aisle on the MR.RIDER floor
turbo-tero-4-0-step-through-eq,Turbo Tero 4.0 Step-Through EQ,E-Bikes — no such aisle on the MR.RIDER floor
elite-avanti-interactive-trainer,Elite Avanti Interactive Trainer,Indoor Trainers — no such aisle on the MR.RIDER floor
turbo-levo-sl-2-comp-alloy,Turbo Levo SL 2 Comp Alloy,E-Bikes — no such aisle on the MR.RIDER floor
jetblack-victory-smart-trainer,Jetblack Victory Smart trainer,Indoor Trainers — no such aisle on the MR.RIDER floor
turbo-levo-r-comp-alloy,Turbo Levo R Comp Alloy,E-Bikes — no such aisle on the MR.RIDER floor
elite-trainer-rivo-with-zwift-cog-and-click,Elite Trainer Rivo with Zwift Cog and Click,Indoor Trainers — no such aisle on the MR.RIDER floor
elite-trainer-rivo,Elite Trainer Rivo,Indoor Trainers — no such aisle on the MR.RIDER floor
rockhopper-comp,Rockhopper Comp,MTB Bikes — no such aisle on the MR.RIDER floor
rockhopper-sport-2,Rockhopper Sport,MTB Bikes — no such aisle on the MR.RIDER floor
specialized-riprock-24,Specialized Riprock 24,Kids Bikes — no such aisle on the MR.RIDER floor
2022-specialized-riprock-20,Specialized Riprock 20,Kids Bikes — no such aisle on the MR.RIDER floor
wahoo-kickr-bike-pro-indoor-smart-bike,Wahoo KICKR BIKE PRO Indoor Smart Bike,Indoor Trainers — no such aisle on the MR.RIDER floor
wahoo-kickr-core-2-smart-trainer-cassette,Wahoo KICKR CORE 2 Smart Trainer (+Cassette),Indoor Trainers — no such aisle on the MR.RIDER floor
wahoo-kickr-core-2-smart-trainer-with-zwift-click-cog,Wahoo KICKR CORE 2 Smart Trainer (with ZWIFT Click + Cog),Indoor Trainers — no such aisle on the MR.RIDER floor
wahoo-kickr-x-zwift-click-zwift-cog-upgrade-pack,ZWIFT Click + Cog v2 Multi-Trainer Upgrade Pack,Indoor Trainers — no such aisle on the MR.RIDER floor
riprock-coaster-22,Riprock Coaster 20,Kids Bikes — no such aisle on the MR.RIDER floor
riprock-coaster-17,Riprock Coaster 16,Kids Bikes — no such aisle on the MR.RIDER floor
elite-justo-1,Elite Justo 2,Indoor Trainers — no such aisle on the MR.RIDER floor
hotwalk-2,Hotwalk,Kids Bikes — no such aisle on the MR.RIDER floor
turbo-levo-4-comp-alloy,Turbo Levo 4 Comp Alloy+ Free Range Extender,E-Bikes — no such aisle on the MR.RIDER floor
turbo-levo-4-alloy,Turbo Levo 4 Alloy,E-Bikes — no such aisle on the MR.RIDER floor
wahoo-kickr-rollr-smart-trainer,Wahoo KICKR ROLLR Smart Trainer,Indoor Trainers — no such aisle on the MR.RIDER floor
wahoo-kickr-bike-shift-indoor-smart-bike-with-wi-fi,Wahoo KICKR BIKE SHIFT Indoor Smart Bike (with Wi-Fi),Indoor Trainers — no such aisle on the MR.RIDER floor
elite-rizer-gradient-simulator-with-steering,Elite Rizer Gradient Simulator with Steering,Indoor Trainers — no such aisle on the MR.RIDER floor
2025-levo-3-comp-alloy,2025 Levo 3 Comp Alloy,E-Bikes — no such aisle on the MR.RIDER floor
turbo-levo-carbon-comp,Turbo Levo 4 Comp,E-Bikes — no such aisle on the MR.RIDER floor
turbo-levo-4-expert,Turbo Levo 4 Expert,E-Bikes — no such aisle on the MR.RIDER floor
s-works-turbo-levo-4,S-Works Turbo Levo 4,E-Bikes — no such aisle on the MR.RIDER floor
turbo-levo-4-pro,Turbo Levo 4 Pro,E-Bikes — no such aisle on the MR.RIDER floor
turbo-levo-sl-expert-carbon,Turbo Levo SL Expert Carbon,E-Bikes — no such aisle on the MR.RIDER floor
epic-hardtail-comp-2,Epic Hardtail Comp,MTB Bikes — no such aisle on the MR.RIDER floor
turbo-tero-3-1,Turbo Tero 3.0,E-Bikes — no such aisle on the MR.RIDER floor
turbo-levo-sl-comp-alloy,Turbo Levo SL Comp Alloy,E-Bikes — no such aisle on the MR.RIDER floor
turbo-levo-sl-comp-carbon,Turbo Levo SL Comp Carbon,E-Bikes — no such aisle on the MR.RIDER floor
turbo-levo-alloy-1,2023 Turbo Levo 3 Alloy,E-Bikes — no such aisle on the MR.RIDER floor
turbo-como-3-0,Turbo Como 3.0,E-Bikes — no such aisle on the MR.RIDER floor
elite-trainer-suito-t-without-cassette,Elite Trainer Suito - T (Without cassette),Indoor Trainers — no such aisle on the MR.RIDER floor
wahoo-kickr-v6-direct-drive-smart-trainer-wi-fi,Wahoo KICKR V6 Direct-Drive Smart Trainer - Wi-Fi,Indoor Trainers — no such aisle on the MR.RIDER floor
spoken-cycles-gift-card,Spoken Cycle's Gift Card,Gift card — not a product
elite-spare-part-direto-replacement-belt-and-adjus,Elite Spare Part Direto Replacement Belt and Adjus,Indoor Trainers — no such aisle on the MR.RIDER floor
elite-freehub-sram-xd-xdr,Elite Freehub SRAM XD/XDR,Indoor Trainers — no such aisle on the MR.RIDER floor
elite-adapter-kit-suito-direto-xr-qr-thru-axle,Elite Adapter Kit Suito / Direto XR QR & Thru-Axle,Indoor Trainers — no such aisle on the MR.RIDER floor
elite-training-mat-folding-180-x-90cm,Elite Training Mat Folding 180 x 90cm,Indoor Trainers — no such aisle on the MR.RIDER floor
elite-sterzo-smart-steering-block,Elite Sterzo Smart Steering Block,Indoor Trainers — no such aisle on the MR.RIDER floor
